n,n_fight,n_concede,n_escalate,amount_at_risk,gross_recovered,net_pnl,recovery_rate,fight_win_rate,ops_cost,threshold
2000,1973,27,0,3609733.6999999997,1551902.4700000002,-322447.53,0.4299215950473023,0.41510390268626457,1874350.0,0.02
2000,1973,27,0,3609733.6999999997,1551902.4700000002,-322447.53,0.4299215950473023,0.41510390268626457,1874350.0,0.03
2000,1878,122,0,3609733.6999999997,1545273.54,-238826.46,0.4280851908826405,0.4323748668796592,1784100.0,0.04
2000,1810,190,0,3609733.6999999997,1539547.27,-179952.72999999998,0.42649884948576683,0.4453038674033149,1719500.0,0.05
2000,1810,190,0,3609733.6999999997,1539547.27,-179952.72999999998,0.42649884948576683,0.4453038674033149,1719500.0,0.06
2000,1810,190,0,3609733.6999999997,1539547.27,-179952.72999999998,0.42649884948576683,0.4453038674033149,1719500.0,0.07
2000,1810,190,0,3609733.6999999997,1539547.27,-179952.72999999998,0.42649884948576683,0.4453038674033149,1719500.0,0.08
2000,1810,190,0,3609733.6999999997,1539547.27,-179952.72999999998,0.42649884948576683,0.4453038674033149,1719500.0,0.09
2000,1519,481,0,3609733.6999999997,1508730.59,65680.59,0.41796174327208685,0.511520737327189,1443050.0,0.1
2000,1519,481,0,3609733.6999999997,1508730.59,65680.59,0.41796174327208685,0.511520737327189,1443050.0,0.11
2000,1495,505,0,3609733.6999999997,1508264.6300000001,88014.63000000002,0.41783265895764005,0.5190635451505017,1420250.0,0.12
2000,1495,505,0,3609733.6999999997,1508264.6300000001,88014.63000000002,0.41783265895764005,0.5190635451505017,1420250.0,0.13
2000,1495,505,0,3609733.6999999997,1508264.6300000001,88014.63000000002,0.41783265895764005,0.5190635451505017,1420250.0,0.14
2000,1495,505,0,3609733.6999999997,1508264.6300000001,88014.63000000002,0.41783265895764005,0.5190635451505017,1420250.0,0.15
2000,1495,505,0,3609733.6999999997,1508264.6300000001,88014.63000000002,0.41783265895764005,0.5190635451505017,1420250.0,0.16
2000,1486,514,0,3609733.6999999997,1507467.4300000002,95767.43000000002,0.4176118116413962,0.5208613728129206,1411700.0,0.17
2000,1447,553,0,3609733.6999999997,1493681.2000000002,119031.20000000001,0.41379262963359326,0.5293711126468555,1374650.0,0.18
2000,1447,553,0,3609733.6999999997,1493681.2000000002,119031.20000000001,0.41379262963359326,0.5293711126468555,1374650.0,0.19
2000,1447,553,0,3609733.6999999997,1493681.2000000002,119031.20000000001,0.41379262963359326,0.5293711126468555,1374650.0,0.2
2000,1267,733,0,3609733.6999999997,1445216.85,241566.84999999998,0.4003666115314823,0.5722178374112076,1203650.0,0.21
2000,1267,733,0,3609733.6999999997,1445216.85,241566.84999999998,0.4003666115314823,0.5722178374112076,1203650.0,0.22
2000,1267,733,0,3609733.6999999997,1445216.85,241566.84999999998,0.4003666115314823,0.5722178374112076,1203650.0,0.23
2000,1267,733,0,3609733.6999999997,1445216.85,241566.84999999998,0.4003666115314823,0.5722178374112076,1203650.0,0.24
2000,1267,733,0,3609733.6999999997,1445216.85,241566.84999999998,0.4003666115314823,0.5722178374112076,1203650.0,0.25
2000,1267,733,0,3609733.6999999997,1445216.85,241566.84999999998,0.4003666115314823,0.5722178374112076,1203650.0,0.26
2000,1267,733,0,3609733.6999999997,1445216.85,241566.84999999998,0.4003666115314823,0.5722178374112076,1203650.0,0.27
2000,1267,733,0,3609733.6999999997,1445216.85,241566.84999999998,0.4003666115314823,0.5722178374112076,1203650.0,0.28
2000,1267,733,0,3609733.6999999997,1445216.85,241566.84999999998,0.4003666115314823,0.5722178374112076,1203650.0,0.29
2000,1267,733,0,3609733.6999999997,1445216.85,241566.84999999998,0.4003666115314823,0.5722178374112076,1203650.0,0.3
2000,1267,733,0,3609733.6999999997,1445216.85,241566.84999999998,0.4003666115314823,0.5722178374112076,1203650.0,0.31
2000,1266,734,0,3609733.6999999997,1445216.85,242516.84999999998,0.4003666115314823,0.5726698262243286,1202700.0,0.32
2000,1066,934,0,3609733.6999999997,1352559.23,339859.23,0.37469778726336517,0.6238273921200751,1012700.0,0.33
2000,1066,934,0,3609733.6999999997,1352559.23,339859.23,0.37469778726336517,0.6238273921200751,1012700.0,0.34
2000,954,1046,0,3609733.6999999997,1285795.8599999999,379495.86,0.3562024145991711,0.6457023060796646,906300.0,0.35
2000,951,1049,0,3609733.6999999997,1277776.92,374326.92000000004,0.3539809377073993,0.6456361724500526,903450.0,0.36
2000,950,1050,0,3609733.6999999997,1277594.57,375094.57,0.35393042151558163,0.6452631578947369,902500.0,0.37
2000,943,1057,0,3609733.6999999997,1273181.72,377331.72000000003,0.3527079352141683,0.6458112407211029,895850.0,0.38
2000,943,1057,0,3609733.6999999997,1273181.72,377331.72000000003,0.3527079352141683,0.6458112407211029,895850.0,0.39
2000,943,1057,0,3609733.6999999997,1273181.72,377331.72000000003,0.3527079352141683,0.6458112407211029,895850.0,0.4
2000,943,1057,0,3609733.6999999997,1273181.72,377331.72000000003,0.3527079352141683,0.6458112407211029,895850.0,0.41
2000,943,1057,0,3609733.6999999997,1273181.72,377331.72000000003,0.3527079352141683,0.6458112407211029,895850.0,0.42
2000,943,1057,0,3609733.6999999997,1273181.72,377331.72000000003,0.3527079352141683,0.6458112407211029,895850.0,0.43
2000,943,1057,0,3609733.6999999997,1273181.72,377331.72000000003,0.3527079352141683,0.6458112407211029,895850.0,0.44
2000,943,1057,0,3609733.6999999997,1273181.72,377331.72000000003,0.3527079352141683,0.6458112407211029,895850.0,0.45
2000,943,1057,0,3609733.6999999997,1273181.72,377331.72000000003,0.3527079352141683,0.6458112407211029,895850.0,0.46
2000,943,1057,0,3609733.6999999997,1273181.72,377331.72000000003,0.3527079352141683,0.6458112407211029,895850.0,0.47
2000,943,1057,0,3609733.6999999997,1273181.72,377331.72000000003,0.3527079352141683,0.6458112407211029,895850.0,0.48
2000,943,1057,0,3609733.6999999997,1273181.72,377331.72000000003,0.3527079352141683,0.6458112407211029,895850.0,0.49
2000,942,1058,0,3609733.6999999997,1272114.59,377214.59,0.3524123095285395,0.6454352441613588,894900.0,0.5
2000,860,1140,0,3609733.6999999997,1201628.8800000001,384628.88,0.3328857416822743,0.6616279069767442,817000.0,0.51
2000,859,1141,0,3609733.6999999997,1200603.02,384553.02,0.3326015489729894,0.6612339930151339,816050.0,0.52
2000,730,1270,0,3609733.6999999997,1067883.77,374383.77,0.2958345015866406,0.6794520547945205,693500.0,0.53
2000,730,1270,0,3609733.6999999997,1067883.77,374383.77,0.2958345015866406,0.6794520547945205,693500.0,0.54
2000,730,1270,0,3609733.6999999997,1067883.77,374383.77,0.2958345015866406,0.6794520547945205,693500.0,0.55
2000,644,1356,0,3609733.6999999997,958092.6300000001,346292.63,0.26541919975980505,0.6832298136645962,611800.0,0.56
2000,644,1356,0,3609733.6999999997,958092.6300000001,346292.63,0.26541919975980505,0.6832298136645962,611800.0,0.57
2000,644,1356,0,3609733.6999999997,958092.6300000001,346292.63,0.26541919975980505,0.6832298136645962,611800.0,0.58
2000,644,1356,0,3609733.6999999997,958092.6300000001,346292.63,0.26541919975980505,0.6832298136645962,611800.0,0.59
2000,644,1356,0,3609733.6999999997,958092.6300000001,346292.63,0.26541919975980505,0.6832298136645962,611800.0,0.6
2000,644,1356,0,3609733.6999999997,958092.6300000001,346292.63,0.26541919975980505,0.6832298136645962,611800.0,0.61
2000,644,1356,0,3609733.6999999997,958092.6300000001,346292.63,0.26541919975980505,0.6832298136645962,611800.0,0.62
2000,622,1378,0,3609733.6999999997,937777.8600000001,346877.86000000004,0.25979142450314274,0.6913183279742765,590900.0,0.63
2000,622,1378,0,3609733.6999999997,937777.8600000001,346877.86000000004,0.25979142450314274,0.6913183279742765,590900.0,0.64
2000,622,1378,0,3609733.6999999997,937777.8600000001,346877.86000000004,0.25979142450314274,0.6913183279742765,590900.0,0.65
2000,622,1378,0,3609733.6999999997,937777.8600000001,346877.86000000004,0.25979142450314274,0.6913183279742765,590900.0,0.66
2000,622,1378,0,3609733.6999999997,937777.8600000001,346877.86000000004,0.25979142450314274,0.6913183279742765,590900.0,0.67
2000,539,1461,0,3609733.6999999997,826745.39,314695.39,0.2290322385831398,0.7012987012987013,512050.0,0.68
2000,538,1462,0,3609733.6999999997,826745.39,315645.39,0.2290322385831398,0.7026022304832714,511100.0,0.69
2000,413,1587,0,3609733.6999999997,647247.99,254897.99,0.17930629896604286,0.6997578692493946,392350.0,0.7
2000,307,1693,0,3609733.6999999997,514374.47,222724.47,0.14249651435506172,0.7166123778501629,291650.0,0.71
2000,307,1693,0,3609733.6999999997,514374.47,222724.47,0.14249651435506172,0.7166123778501629,291650.0,0.72
2000,307,1693,0,3609733.6999999997,514374.47,222724.47,0.14249651435506172,0.7166123778501629,291650.0,0.73
2000,306,1694,0,3609733.6999999997,513409.70999999996,222709.71000000002,0.14222924810215223,0.7156862745098039,290700.0,0.74
2000,305,1695,0,3609733.6999999997,508778.99,219028.99,0.14094640554786633,0.7147540983606557,289750.0,0.75
2000,282,1718,0,3609733.6999999997,460154.3,192254.3,0.12747596865663527,0.7092198581560284,267900.0,0.76
2000,77,1923,0,3609733.6999999997,150742.47999999998,77592.48000000001,0.041760000190595774,0.7402597402597403,73150.0,0.77
2000,77,1923,0,3609733.6999999997,150742.47999999998,77592.48000000001,0.041760000190595774,0.7402597402597403,73150.0,0.78
2000,77,1923,0,3609733.6999999997,150742.47999999998,77592.48000000001,0.041760000190595774,0.7402597402597403,73150.0,0.79
2000,77,1923,0,3609733.6999999997,150742.47999999998,77592.48000000001,0.041760000190595774,0.7402597402597403,73150.0,0.8
2000,77,1923,0,3609733.6999999997,150742.47999999998,77592.48000000001,0.041760000190595774,0.7402597402597403,73150.0,0.81
2000,69,1931,0,3609733.6999999997,138291.9,72741.9,0.03831083162727489,0.7391304347826086,65550.0,0.82
2000,68,1932,0,3609733.6999999997,136391.66,71791.66,0.03778441052313638,0.7352941176470589,64600.0,0.83
2000,68,1932,0,3609733.6999999997,136391.66,71791.66,0.03778441052313638,0.7352941176470589,64600.0,0.84
2000,68,1932,0,3609733.6999999997,136391.66,71791.66,0.03778441052313638,0.7352941176470589,64600.0,0.85
2000,1,1999,0,3609733.6999999997,927.11,-22.889999999999986,0.0002568361206257404,1.0,950.0,0.86
2000,1,1999,0,3609733.6999999997,927.11,-22.889999999999986,0.0002568361206257404,1.0,950.0,0.87
2000,1,1999,0,3609733.6999999997,927.11,-22.889999999999986,0.0002568361206257404,1.0,950.0,0.88
2000,1,1999,0,3609733.6999999997,927.11,-22.889999999999986,0.0002568361206257404,1.0,950.0,0.89
2000,1,1999,0,3609733.6999999997,927.11,-22.889999999999986,0.0002568361206257404,1.0,950.0,0.9
2000,1,1999,0,3609733.6999999997,927.11,-22.889999999999986,0.0002568361206257404,1.0,950.0,0.91
2000,1,1999,0,3609733.6999999997,927.11,-22.889999999999986,0.0002568361206257404,1.0,950.0,0.92
2000,1,1999,0,3609733.6999999997,927.11,-22.889999999999986,0.0002568361206257404,1.0,950.0,0.93
2000,1,1999,0,3609733.6999999997,927.11,-22.889999999999986,0.0002568361206257404,1.0,950.0,0.94
2000,1,1999,0,3609733.6999999997,927.11,-22.889999999999986,0.0002568361206257404,1.0,950.0,0.95
2000,1,1999,0,3609733.6999999997,927.11,-22.889999999999986,0.0002568361206257404,1.0,950.0,0.96
2000,0,2000,0,3609733.6999999997,0.0,0.0,0.0,0.0,0.0,0.97
2000,0,2000,0,3609733.6999999997,0.0,0.0,0.0,0.0,0.0,0.98
